player_id,pressure_random,turnover_pressure_slope,pressure_resilience,player_name,events,turnovers,turnover_rate
3032979,-0.097703765085032,-0.114393865831692,0.114393865831692,Dennis Schroder,5332,815,0.15285071267817
3978,-0.0857458598429765,-0.102435960589637,0.102435960589637,DeMar DeRozan,8159,738,0.0904522613065327
3468,-0.083145420522056,-0.0998355212687159,0.0998355212687159,Russell Westbrook,7208,1415,0.196309655937847
3202,-0.0825983701761672,-0.0992884709228272,0.0992884709228272,Kevin Durant,7676,1124,0.146430432516936
3593,-0.0799566326143777,-0.0966467333610376,0.0966467333610376,Bojan Bogdanovic,3856,457,0.118516597510373
2990992,-0.0758437392639132,-0.0925338400105732,0.0925338400105732,Marcus Smart,3376,585,0.173281990521327
4396993,-0.0740657564446563,-0.0907558571913163,0.0907558571913163,Tyrese Haliburton,5145,687,0.133527696793003
4712849,-0.0731053310751167,-0.0897954318217767,0.0897954318217767,Anthony Black,1955,312,0.159590792838875
1966,-0.0725292192630118,-0.0892193200096718,0.0892193200096718,LeBron James,7990,1188,0.148685857321652
2990969,-0.0688246427825265,-0.0855147435291864,0.0855147435291864,Georges Niang,3004,291,0.0968708388814913
2779,-0.0655120820066848,-0.0822021827533448,0.0822021827533448,Chris Paul,4025,629,0.156273291925466
4305,-0.0613060797509455,-0.0779961804976055,0.0779961804976055,Ish Smith,1220,205,0.168032786885246
4433255,-0.0608385876922705,-0.0775286884389305,0.0775286884389305,Chet Holmgren,2343,275,0.117370892018779
3112335,-0.0593924592403584,-0.0760825599870183,0.0760825599870183,Nikola Jokic,8940,1423,0.15917225950783
3907497,-0.0550946919555321,-0.071784792702192,0.071784792702192,Dejounte Murray,6479,793,0.122395431393734
4277905,-0.0527420281844035,-0.0694321289310635,0.0694321289310635,Trae Young,8060,1447,0.179528535980149
3992,-0.0526528129458732,-0.0693429136925332,0.0693429136925332,James Harden,7164,1382,0.192908989391401
4279888,-0.0479070401938599,-0.0645971409405199,0.0645971409405199,Ja Morant,5569,829,0.148859759382295
3975,-0.0477241682107823,-0.0644142689574423,0.0644142689574423,Stephen Curry,8377,1081,0.129043810433329
3012,-0.0468709348623146,-0.0635610356089746,0.0635610356089746,Kyle Lowry,2707,482,0.178056889545622
3102530,-0.045861038358404,-0.062551139105064,0.062551139105064,Jusuf Nurkic,3450,684,0.198260869565217
4065663,-0.045505466079481,-0.062195566826141,0.062195566826141,Josh Okogie,1700,215,0.126470588235294
2530530,-0.0446126463390711,-0.0613027470857311,0.0613027470857311,T.J. McConnell,3441,555,0.161290322580645
2991230,-0.0431230636842348,-0.0598131644308948,0.0598131644308948,Fred VanVleet,5459,602,0.11027660743726
5099752,-0.042855425935795,-0.0595455266824549,0.0595455266824549,Rayan Rupert,716,107,0.149441340782123
4395725,-0.042732376680561,-0.059422477427221,0.059422477427221,Tyler Herro,6288,747,0.118797709923664
3423,-0.0421650508864441,-0.0588551516331041,0.0588551516331041,Goran Dragic,1238,198,0.159935379644588
3934672,-0.0420819516601246,-0.0587720524067846,0.0587720524067846,Jalen Brunson,8045,852,0.105904288377874
4684740,-0.0420015212674234,-0.0586916220140834,0.0586916220140834,Amen Thompson,2571,397,0.154414624659666
3945274,-0.0418003134943817,-0.0584904142410417,0.0584904142410417,Luka Doncic,9778,1469,0.150235221926774
2528426,-0.0400666539326223,-0.0567567546792823,0.0567567546792823,Jordan Clarkson,5713,657,0.115000875196919
3064482,-0.0397802269343014,-0.0564703276809614,0.0564703276809614,Bobby Portis,4931,398,0.0807138511458122
3999,-0.0395579304361684,-0.0562480311828284,0.0562480311828284,James Johnson,816,113,0.138480392156863
4433134,-0.0394486028034877,-0.0561387035501477,0.0561387035501477,Scottie Barnes,5904,813,0.13770325203252
4397002,-0.0372599977203121,-0.0539500984669721,0.0539500984669721,Ayo Dosunmu,3435,434,0.126346433770015
6619,-0.0367819625480725,-0.0534720632947325,0.0534720632947325,Terrence Ross,1806,180,0.0996677740863787
3919454,-0.0364024880362988,-0.0530925887829588,0.0530925887829588,Terence Davis,1233,144,0.116788321167883
3913174,-0.0359843995755627,-0.0526745003222227,0.0526745003222227,Luke Kennard,2932,326,0.11118690313779
6637,-0.0357794444107701,-0.05246954515743,0.05246954515743,Kent Bazemore,632,101,0.159810126582278
4278585,-0.0356526761475848,-0.0523427768942448,0.0523427768942448,Collin Gillespie,1214,144,0.118616144975288
4066731,-0.0347761074093926,-0.0514662081560526,0.0514662081560526,Jalen McDaniels,1519,181,0.119157340355497
4066457,-0.034709802715299,-0.051399903461959,0.051399903461959,Austin Reaves,4180,618,0.147846889952153
4432809,-0.0346757952739781,-0.051365896020638,0.051365896020638,Cole Anthony,4225,634,0.150059171597633
6479,-0.0344082833215807,-0.0510983840682407,0.0510983840682407,Kemba Walker,1239,136,0.109765940274415
4900671,-0.034392905050759,-0.051083005797419,0.051083005797419,Ajay Mitchell,875,109,0.124571428571429
2490149,-0.0340178464109045,-0.0507079471575645,0.0507079471575645,CJ McCollum,7262,694,0.0955659597906913
4683018,-0.0339482773047991,-0.0506383780514591,0.0506383780514591,Aleksej Pokusevski,1457,225,0.15442690459849
2991280,-0.0337144162995562,-0.0504045170462161,0.0504045170462161,Nerlens Noel,410,92,0.224390243902439
2991350,-0.0332179531006566,-0.0499080538473166,0.0499080538473166,Alex Caruso,2389,389,0.162829635830892
4433247,-0.0331845821979815,-0.0498746829446415,0.0498746829446415,Jonathan Kuminga,3105,388,0.124959742351047
3989,-0.033051645424078,-0.049741746170738,0.049741746170738,Blake Griffin,960,107,0.111458333333333
4395623,-0.032917531276859,-0.049607632023519,0.049607632023519,Trey Jemison III,285,65,0.228070175438597
6430,-0.0326381058933009,-0.0493282066399609,0.0493282066399609,Jimmy Butler III,4851,544,0.112141826427541
4277883,-0.0323754787637086,-0.0490655795103686,0.0490655795103686,Jordan Nwora,1510,180,0.119205298013245
4888725,-0.0323235162892688,-0.0490136170359288,0.0490136170359288,Ryan Dunn,933,89,0.0953912111468382
3136776,-0.0323234508530542,-0.0490135515997142,0.0490135515997142,D'Angelo Russell,5302,763,0.143907959260656
4278562,-0.032210655629864,-0.048900756376524,0.048900756376524,Paul Reed,1537,197,0.128171763175016
3134907,-0.0322097240035709,-0.0488998247502309,0.0488998247502309,Kyle Kuzma,6494,831,0.127964274715122
4278039,-0.0320415253957386,-0.0487316261423986,0.0487316261423986,Nickeil Alexander-Walker,4304,521,0.121050185873606
2991043,-0.0319022662639231,-0.0485923670105831,0.0485923670105831,Caris LeVert,4773,565,0.11837418814163
5104157,-0.0318451780717475,-0.0485352788184075,0.0485352788184075,Victor Wembanyama,3683,540,0.146619603584035
4432639,-0.0315857776701551,-0.0482758784168151,0.0482758784168151,Jabari Smith Jr.,3578,333,0.0930687534935718
6429,-0.0311707197161297,-0.0478608204627896,0.0478608204627896,Alec Burks,2786,260,0.0933237616654702
2578239,-0.0310982458323321,-0.0477883465789921,0.0477883465789921,Pat Connaughton,2085,181,0.086810551558753
4277869,-0.0306425471767899,-0.0473326479234499,0.0473326479234499,Jose Alvarado,2395,313,0.130688935281837
4432848,-0.030381076441145,-0.047071177187805,0.047071177187805,Jaime Jaquez Jr.,2402,333,0.138634471273938
3447,-0.0300799236715477,-0.0467700244182076,0.0467700244182076,Robin Lopez,837,120,0.14336917562724
5242502,-0.0300447711782733,-0.0467348719249332,0.0467348719249332,Ben Saraf,398,94,0.236180904522613
4701230,-0.029938555020422,-0.046628655767082,0.046628655767082,Jalen Johnson,3275,442,0.134961832061069
4401416,-0.029550583281844,-0.046240684028504,0.046240684028504,Juan Toscano-Anderson,750,151,0.201333333333333
3147657,-0.02936621038794,-0.0460563111346,0.0460563111346,Mikal Bridges,6825,603,0.0883516483516484
4395651,-0.0293414490587368,-0.0460315498053967,0.0460315498053967,Coby White,5764,703,0.121963913948647
4066262,-0.0293407192777638,-0.0460308200244238,0.0460308200244238,Malik Monk,5181,696,0.134337000579039
3442,-0.0291884438971675,-0.0458785446438275,0.0458785446438275,DeAndre Jordan,1005,232,0.230845771144279
6442,-0.0288022129899951,-0.0454923137366551,0.0454923137366551,Kyrie Irving,5524,533,0.0964880521361332
4065732,-0.0287991436238394,-0.0454892443704994,0.0454892443704994,De'Andre Hunter,3956,391,0.0988372093023256
3102533,-0.028681323018808,-0.045371423765468,0.045371423765468,Thanasis Antetokounmpo,462,89,0.192640692640693
4431752,-0.0282741381175704,-0.0449642388642303,0.0449642388642303,Kobe Brown,502,72,0.143426294820717
3914283,-0.0277632877192582,-0.0444533884659182,0.0444533884659182,Chimezie Metu,1258,166,0.131955484896661
4066436,-0.0268922673490824,-0.0435823680957424,0.0435823680957424,De'Anthony Melton,3056,393,0.128599476439791
3929325,-0.0267178926482015,-0.0434079933948614,0.0434079933948614,Furkan Korkmaz,1190,114,0.0957983193277311
4432816,-0.0266585565175354,-0.0433486572641954,0.0433486572641954,LaMelo Ball,6229,917,0.147214641194413
4702352,-0.0264586255161856,-0.0431487262628456,0.0431487262628456,Kobe Sanders,456,77,0.168859649122807
4433144,-0.0257431840928991,-0.0424332848395591,0.0424332848395591,Caleb Love,552,62,0.11231884057971
2583639,-0.0256195264684323,-0.0423096272150923,0.0423096272150923,Elfrid Payton,1095,193,0.176255707762557
4576086,-0.0252670717093949,-0.0419571724560549,0.0419571724560549,Bryce McGowens,763,84,0.110091743119266
3134903,-0.0251567297294112,-0.0418468304760712,0.0418468304760712,Gary Payton II,1497,179,0.119572478289913
4397102,-0.0250274201666551,-0.0417175209133151,0.0417175209133151,Bol Bol,1035,144,0.139130434782609
4278049,-0.0245800015023511,-0.0412701022490111,0.0412701022490111,Daniel Gafford,2596,378,0.145608628659476
6443,-0.0243373390751948,-0.0410274398218548,0.0410274398218548,Reggie Jackson,3772,458,0.121420996818664
4702176,-0.0241494197123121,-0.0408395204589721,0.0408395204589721,Joshua Primo,368,69,0.1875
5175643,-0.024143784037221,-0.040833884783881,0.040833884783881,Egor Demin,530,81,0.152830188679245
4222252,-0.0241340710565792,-0.0408241718032392,0.0408241718032392,Isaiah Hartenstein,2442,440,0.18018018018018
4432173,-0.0240677804129057,-0.0407578811595657,0.0407578811595657,Sharife Cooper,326,65,0.199386503067485
3922230,-0.0239845520432496,-0.0406746527899095,0.0406746527899095,Aaron Holiday,2199,279,0.1268758526603
4017837,-0.0235506820653941,-0.0402407828120541,0.0402407828120541,Ivica Zubac,3869,554,0.143189454639442
4431678,-0.0234260165603553,-0.0401161173070153,0.0401161173070153,Tyrese Maxey,6953,584,0.0839925212138645
3964,-0.0234235297027598,-0.0401136304494197,0.0401136304494197,Patrick Beverley,1606,211,0.131382316313823
5023693,-0.0233036923063436,-0.0399937930530036,0.0399937930530036,Tyrese Proctor,254,36,0.141732283464567
2579258,-0.0232367847104776,-0.0399268854571376,0.0399268854571376,Cody Zeller,630,94,0.149206349206349
3032977,-0.0231079680533951,-0.0397980688000551,0.0397980688000551,Giannis Antetokounmpo,8061,1095,0.135839225902493
3064290,-0.022913274222335,-0.039603374968995,0.039603374968995,Aaron Gordon,4187,509,0.121566754239312
4278078,-0.0227964019034961,-0.0394865026501561,0.0394865026501561,P.J. Washington,4908,596,0.121434392828036
4278508,-0.0226217503293353,-0.0393118510759953,0.0393118510759953,Troy Brown Jr.,1215,122,0.100411522633745
3136195,-0.0224906427273573,-0.0391807434740173,0.0391807434740173,Karl-Anthony Towns,6752,967,0.14321682464455
4066421,-0.0224665398016193,-0.0391566405482793,0.0391566405482793,Lonzo Ball,1794,292,0.162764771460424
3062667,-0.0221031943264004,-0.0387932950730604,0.0387932950730604,DeAndre' Bembry,547,97,0.177330895795247
3064440,-0.0220304143033483,-0.0387205150500083,0.0387205150500083,Zach LaVine,6689,831,0.124233816714008
6475,-0.0219832976931568,-0.0386733984398168,0.0386733984398168,Klay Thompson,4955,392,0.0791120080726539
3936099,-0.021916440097038,-0.0386065408436979,0.0386065408436979,Derrick Jones Jr.,2429,239,0.0983944009880609
4433629,-0.0214070299607471,-0.038097130707407,0.038097130707407,Ryan Nembhard,472,82,0.173728813559322
4432161,-0.0213523942940214,-0.0380424950406813,0.0380424950406813,Greg Brown III,269,41,0.152416356877323
4277956,-0.0211666321210324,-0.0378567328676924,0.0378567328676924,Jordan Poole,6322,864,0.136665612148054
4396909,-0.0210922665061151,-0.0377823672527751,0.0377823672527751,Aaron Nesmith,2742,268,0.0977388767323122
4065670,-0.0210555198175346,-0.0377456205641946,0.0377456205641946,Bruce Brown,3511,427,0.121617772714326
3136193,-0.0209353491308421,-0.0376254498775021,0.0376254498775021,Devin Booker,8808,1064,0.120799273387829
4278355,-0.0208712226003507,-0.0375613233470107,0.0375613233470107,Obi Toppin,2754,265,0.0962236746550472
4871144,-0.0206321109885381,-0.0373222117351981,0.0373222117351981,Alperen Sengun,5398,847,0.156909966654316
4065654,-0.0205535528937038,-0.0372436536403638,0.0372436536403638,Jonathan Isaac,850,78,0.0917647058823529
4431736,-0.020365656569514,-0.037055757316174,0.037055757316174,Toumani Camara,2349,320,0.136228182205194
4277922,-0.0199394260711893,-0.0366295268178493,0.0366295268178493,Jericho Sims,636,165,0.259433962264151
2968334,-0.0199263461703033,-0.0366164469169632,0.0366164469169632,Facundo Campazzo,756,135,0.178571428571429
3138196,-0.0197484320457747,-0.0364385327924347,0.0364385327924347,Cameron Johnson,3721,318,0.0854608976081699
4017839,-0.0196982944730871,-0.0363883952197471,0.0363883952197471,Juancho Hernangomez,571,52,0.0910683012259194
4066264,-0.0196835529970135,-0.0363736537436734,0.0363736537436734,Wenyen Gabriel,531,80,0.150659133709981
4702233,-0.0194663234489616,-0.0361564241956216,0.0361564241956216,JT Thor,604,69,0.114238410596026
3244,-0.0185326460472561,-0.0352227467939161,0.0352227467939161,Thaddeus Young,1473,232,0.157501697216565
4432166,-0.0184612664105614,-0.0351513671572213,0.0351513671572213,Cade Cunningham,6096,1012,0.166010498687664
4683935,-0.0183351832208869,-0.0350252839675468,0.0350252839675468,Blake Wesley,916,190,0.207423580786026
4684272,-0.0183315353901401,-0.0350216361368001,0.0350216361368001,Ja'Kobe Walter,878,81,0.0922551252847381
4684806,-0.0178106825264048,-0.0345007832730647,0.0345007832730647,Taylor Hendricks,683,70,0.102489019033675
4278104,-0.0176073462432593,-0.0342974469899193,0.0342974469899193,Michael Porter Jr.,5249,427,0.0813488283482568
4683771,-0.0175138759963182,-0.0342039767429782,0.0342039767429782,Ronald Holland II,1119,159,0.142091152815013
6583,-0.0174495798060795,-0.0341396805527395,0.0341396805527395,Anthony Davis,5391,565,0.104804303468744
3078576,-0.0174189357239574,-0.0341090364706174,0.0341090364706174,Derrick White,5515,607,0.110063463281958
4397140,-0.0173174474060783,-0.0340075481527383,0.0340075481527383,Kevin Porter Jr.,3902,693,0.177601230138391
4278594,-0.0171533177999155,-0.0338434185465755,0.0338434185465755,Naji Marshall,3379,439,0.129920094702575
4871143,-0.0170962313531712,-0.0337863320998312,0.0337863320998312,Usman Garuba,275,48,0.174545454545455
2999409,-0.0168498848301619,-0.0335399855768218,0.0335399855768218,Willy Hernangomez,875,112,0.128
4432165,-0.0166128362302358,-0.0333029369768958,0.0333029369768958,Jalen Suggs,3388,589,0.173848878394333
2531367,-0.0165344696105049,-0.0332245703571649,0.0332245703571649,Dwight Powell,1364,247,0.18108504398827
4396818,-0.016534290297596,-0.033224391044256,0.033224391044256,Jordan Miller,617,85,0.137763371150729
4395724,-0.016492501039404,-0.0331826017860639,0.0331826017860639,Immanuel Quickley,4948,469,0.0947857720291027
4701233,-0.0164880136953589,-0.0331781144420189,0.0331781144420189,Craig Porter Jr.,757,135,0.178335535006605
3037789,-0.0162270127959403,-0.0329171135426003,0.0329171135426003,Bogdan Bogdanovic,4090,376,0.0919315403422983
4433137,-0.0161402041238092,-0.0328303048704691,0.0328303048704691,Ziaire Williams,2180,249,0.114220183486239
4431671,-0.0161063844888129,-0.0327964852354729,0.0327964852354729,Jaden McDaniels,4391,496,0.112958323844227
4845374,-0.0159568809292484,-0.0326469816759084,0.0326469816759084,Bub Carrington,1795,318,0.177158774373259
6478,-0.0157581032155272,-0.0324482039621872,0.0324482039621872,Nikola Vucevic,7407,683,0.0922100715539355
4871145,-0.0153507259019844,-0.0320408266486444,0.0320408266486444,Josh Giddey,5056,912,0.180379746835443
5107199,-0.0152579921974174,-0.0319480929440774,0.0319480929440774,Daniss Jenkins,693,115,0.165945165945166
6609,-0.0149849857082139,-0.0316750864548739,0.0316750864548739,Khris Middleton,4714,702,0.14891811624947
2968361,-0.0149680491860058,-0.0316581499326658,0.0316581499326658,Raul Neto,1146,148,0.129144851657941
4066354,-0.0149272320897239,-0.0316173328363838,0.0316173328363838,Payton Pritchard,3969,346,0.0871756109851348
4432811,-0.0145988073895559,-0.0312889081362159,0.0312889081362159,Josh Green,1985,290,0.146095717884131
4011,-0.01453149457914,-0.0312215953258,0.0312215953258,Ricky Rubio,1303,222,0.170376055257099
3134881,-0.0145180201190456,-0.0312081208657056,0.0312081208657056,Stanley Johnson,724,118,0.162983425414365
4351852,-0.0144839856177819,-0.0311740863644419,0.0311740863644419,Mitchell Robinson,1384,199,0.14378612716763
5037873,-0.0143760954448774,-0.0310661961915374,0.0310661961915374,Drake Powell,415,57,0.137349397590361
5081727,-0.0143090109833833,-0.0309991117300433,0.0309991117300433,Sidy Cissoko,478,81,0.169456066945607
5061575,-0.0142849006419669,-0.0309750013886269,0.0309750013886269,Kon Knueppel,1240,156,0.125806451612903
4249,-0.0142423998602269,-0.0309325006068869,0.0309325006068869,Gordon Hayward,2538,304,0.119779353821907
3074213,-0.0140269000339425,-0.0307170007806025,0.0307170007806025,Omer Yurtseven,573,89,0.155322862129145
4423314,-0.0138253319720852,-0.0305154327187452,0.0305154327187452,Sekou Doumbouya,331,41,0.123867069486405
2968436,-0.0136682410259064,-0.0303583417725664,0.0303583417725664,Joe Ingles,1656,296,0.178743961352657
4432446,-0.0135871581239008,-0.0302772588705607,0.0302772588705607,Jabari Walker,1294,148,0.114374034003091
4279118,-0.0135407407101987,-0.0302308414568587,0.0302308414568587,Keaton Wallace,388,58,0.149484536082474
4601025,-0.0133409355667655,-0.0300310363134255,0.0300310363134255,Pelle Larsson,882,120,0.136054421768708
5211175,-0.0130744020079114,-0.0297645027545714,0.0297645027545714,Zaccharie Risacher,1445,134,0.0927335640138408
4066387,-0.0130633503514818,-0.0297534510981418,0.0297534510981418,Amir Coffey,1835,159,0.0866485013623978
4712896,-0.0128098990130462,-0.0294999997597062,0.0294999997597062,Noah Clowney,1241,152,0.122481869460113
4432164,-0.0127162054981111,-0.0294063062447711,0.0294063062447711,Jaden Springer,323,49,0.151702786377709
2991282,-0.0125661462449737,-0.0292562469916337,0.0292562469916337,Willie Cauley-Stein,251,34,0.135458167330677
4701232,-0.0125120321227935,-0.0292021328694535,0.0292021328694535,Mark Williams,1468,181,0.123297002724796
4593841,-0.0124902726159569,-0.0291803733626169,0.0291803733626169,Baylor Scheierman,496,53,0.106854838709677
5105637,-0.012385842917718,-0.0290759436643779,0.0290759436643779,Adem Bona,524,112,0.213740458015267
4431679,-0.012321179435146,-0.029011280181806,0.029011280181806,Precious Achiuwa,2968,340,0.11455525606469
4348700,-0.0119612920110981,-0.0286513927577581,0.0286513927577581,Goga Bitadze,1570,229,0.145859872611465
4576060,-0.0117813249960971,-0.0284714257427571,0.0284714257427571,Ryan Kalkbrenner,352,61,0.173295454545455
2580782,-0.011710514016145,-0.028400614762805,0.028400614762805,Spencer Dinwiddie,3547,423,0.119255709049901
4278053,-0.0116581646441572,-0.0283482653908172,0.0283482653908172,Davion Mitchell,3007,431,0.14333222480878
4066372,-0.0114709636106713,-0.0281610643573313,0.0281610643573313,Kevin Huerter,4528,421,0.0929770318021201
4432181,-0.0112380174474238,-0.0279281181940838,0.0279281181940838,Julian Strawther,1137,112,0.098504837291117
4066993,-0.0111553416475244,-0.0278454423941844,0.0278454423941844,Dru Smith,541,77,0.142329020332717
4711297,-0.0110405322873629,-0.0277306330340229,0.0277306330340229,Justin Edwards,776,78,0.100515463917526
4065778,-0.0109691488564267,-0.0276592496030867,0.0276592496030867,Max Strus,3043,299,0.0982582977325008
3948153,-0.0108620313006866,-0.0275521320473465,0.0275521320473465,Chris Boucher,2439,165,0.0676506765067651
4591725,-0.0108496231680414,-0.0275397239147014,0.0275397239147014,Ryan Rollins,1618,270,0.166872682323857
5214640,-0.0108277787226807,-0.0275178794693407,0.0275178794693407,Kasparas Jakucionis,286,48,0.167832167832168
4397126,-0.0107900185387284,-0.0274801192853883,0.0274801192853883,Moses Brown,675,88,0.13037037037037
4065656,-0.0107852221939568,-0.0274753229406168,0.0274753229406168,Trent Forrest,473,97,0.20507399577167
5160992,-0.0106679774252218,-0.0273580781718818,0.0273580781718818,Alex Sarr,1653,186,0.112522686025408
4066790,-0.0105254837465172,-0.0272155844931772,0.0272155844931772,Anthony Lamb,502,68,0.135458167330677
4065697,-0.0104802290857255,-0.0271703298323855,0.0271703298323855,Dennis Smith Jr.,1331,215,0.161532682193839
3138161,-0.0104748262817008,-0.0271649270283608,0.0271649270283608,Cody Martin,1386,193,0.139249639249639
3986,-0.0104480458573518,-0.0271381466040118,0.0271381466040118,Taj Gibson,706,99,0.140226628895184
5279130,-0.010427675774242,-0.0271177765209019,0.0271177765209019,Nolan Traore,602,123,0.204318936877076
4432176,-0.0104171532876859,-0.0271072540343458,0.0271072540343458,Daishen Nix,444,117,0.263513513513514
4432190,-0.0103689954891696,-0.0270590962358296,0.0270590962358296,Andre Jackson Jr.,534,112,0.209737827715356
2596107,-0.0103093371526657,-0.0269994378993257,0.0269994378993257,Alex Len,785,157,0.2
3026,-0.0102897376755473,-0.0269798384222073,0.0269798384222073,Rajon Rondo,535,143,0.267289719626168
6617,-0.0102788061289533,-0.0269689068756133,0.0269689068756133,Austin Rivers,901,105,0.1165371809101
3102532,-0.0102625704798426,-0.0269526712265026,0.0269526712265026,Vasilije Micic,802,159,0.198254364089776
2580913,-0.0102495143804106,-0.0269396151270706,0.0269396151270706,Dewayne Dedmon,604,98,0.162251655629139
2490620,-0.010227457005751,-0.026917557752411,0.026917557752411,Robert Covington,1498,163,0.108811748998665
4278124,-0.0101155589418679,-0.0268056596885278,0.0268056596885278,Saben Lee,680,117,0.172058823529412
3415,-0.0100754947496451,-0.0267655954963051,0.0267655954963051,D.J. Augustin,682,117,0.171554252199413
4376,-0.00986028304700908,-0.0265503837936691,0.0265503837936691,Boban Marjanovic,327,42,0.128440366972477
4896372,-0.00985050589834209,-0.0265406066450021,0.0265406066450021,Walter Clayton Jr.,575,114,0.198260869565217
4432107,-0.00975771899257569,-0.0264478197392357,0.0264478197392357,Marcus Sasser,1147,162,0.141238012205754
2527963,-0.00967588824309798,-0.026365988989758,0.026365988989758,Victor Oladipo,1224,172,0.140522875816993
4601023,-0.00964597271781519,-0.0263360734644752,0.0263360734644752,Oso Ighodaro,694,141,0.203170028818444
2990984,-0.00955728434521701,-0.026247385091877,0.026247385091877,Buddy Hield,5701,624,0.109454481669882
4432179,-0.00939407508659209,-0.0260841758332521,0.0260841758332521,MarJon Beauchamp,630,82,0.13015873015873
3907498,-0.0092867907353624,-0.0259768914820224,0.0259768914820224,Matisse Thybulle,1505,170,0.112956810631229
4592829,-0.00921306570339928,-0.0259031664500593,0.0259031664500593,Quenton Jackson,569,76,0.133567662565905
4683634,-0.00906663899269956,-0.0257567397393595,0.0257567397393595,Bennedict Mathurin,3624,470,0.129690949227373
6450,-0.00888780115450957,-0.0255779019011696,0.0255779019011696,Kawhi Leonard,5339,482,0.0902790784791159
4433621,-0.00881679963482468,-0.0255069003814847,0.0255069003814847,Jalen Duren,2797,476,0.170182338219521
4711294,-0.00881154821266755,-0.0255016489593275,0.0255016489593275,Matas Buzelis,1724,220,0.127610208816705
4997528,-0.00873754291888099,-0.025427643665541,0.025427643665541,Nikola Jovic,1204,162,0.134551495016611
4432573,-0.0086690521627214,-0.0253591529093814,0.0253591529093814,Paolo Banchero,5346,762,0.142536475869809
2579260,-0.00865705031536114,-0.0253471510620211,0.0253471510620211,Trey Burke,623,55,0.0882825040128411
4066259,-0.00862897068014381,-0.0253190714268038,0.0253190714268038,De'Aaron Fox,8338,1031,0.123650755576877
2983,-0.00857318807539451,-0.0252632888220545,0.0252632888220545,LaMarcus Aldridge,817,62,0.0758873929008568
6446,-0.00847112705612387,-0.0251612278027839,0.0251612278027839,Cory Joseph,1642,246,0.149817295980512
4997526,-0.00843537058376924,-0.0251254713304292,0.0251254713304292,Ousmane Dieng,947,128,0.135163674762408
2991149,-0.00823040878134874,-0.0249205095280087,0.0249205095280087,Damyean Dotson,332,40,0.120481927710843
6507,-0.00807274598317049,-0.0247628467298305,0.0247628467298305,Brad Wanamaker,460,84,0.182608695652174
3893016,-0.00807114472226517,-0.0247612454689252,0.0247612454689252,Cedi Osman,2288,231,0.100961538461538
4277964,-0.00799374713584516,-0.0246838478825051,0.0246838478825051,Xavier Tillman,1361,169,0.12417340191036
4251,-0.00799335674263714,-0.0246834574892971,0.0246834574892971,Paul George,5709,782,0.136976703450692
4278572,-0.00798687877185901,-0.024676979518519,0.024676979518519,Jamal Cain,509,54,0.106090373280943
3448,-0.00797870693260204,-0.024668807679262,0.024668807679262,Brook Lopez,4118,369,0.0896066051481302
4593803,-0.00796131746183358,-0.0246514182084936,0.0246514182084936,Jalen Williams,3853,429,0.111341811575396
3015,-0.00795453250001811,-0.0246446332466781,0.0246446332466781,Paul Millsap,583,67,0.114922813036021
2580898,-0.00783902656481693,-0.0245291273114769,0.0245291273114769,Chasson Randle,282,45,0.159574468085106
3134916,-0.00781839843066509,-0.0245084991773251,0.0245084991773251,Jordan McLaughlin,1052,171,0.16254752851711
2581184,-0.00769318505519543,-0.0243832858018554,0.0243832858018554,Anthony Gill,867,104,0.119953863898501
3059310,-0.00758238396560133,-0.0242724847122613,0.0242724847122613,Monte Morris,2223,194,0.0872694556905083
6427,-0.00753032581203667,-0.0242204265586966,0.0242204265586966,Bismack Biyombo,1062,209,0.196798493408663
4432646,-0.00744906034871276,-0.0241391610953727,0.0241391610953727,Kennedy Chandler,258,38,0.147286821705426
4278075,-0.00744849038715067,-0.0241385911338106,0.0241385911338106,Kevin Knox II,859,80,0.0931315483119907
6621,-0.00744371898455526,-0.0241338197312152,0.0241338197312152,Tomas Satoransky,658,139,0.211246200607903
4279815,-0.00740183886167465,-0.0240919396083346,0.0240919396083346,Terry Taylor,372,38,0.102150537634409
4269,-0.00738129410892975,-0.0240713948555897,0.0240713948555897,Nemanja Bjelica,649,111,0.171032357473035
2489663,-0.00725366595208065,-0.0239437666987406,0.0239437666987406,Kelly Olynyk,2940,546,0.185714285714286
3934719,-0.00712867573284905,-0.023818776479509,0.023818776479509,OG Anunoby,5067,541,0.106769291493981
3032978,-0.00707388385343452,-0.0237639846000945,0.0237639846000945,Dario Saric,1260,189,0.15
4237,-0.00694648976736437,-0.0236365905140243,0.0236365905140243,John Wall,1266,217,0.171406003159558
2580365,-0.00663772352452346,-0.0233278242711834,0.0233278242711834,Larry Nance Jr.,1529,202,0.132112491824722
4397227,-0.00654275953772217,-0.0232328602843822,0.0232328602843822,Vince Williams Jr.,1059,187,0.176581680830973
4997538,-0.00624942864551009,-0.0229395293921701,0.0229395293921701,Karlo Matkovic,540,75,0.138888888888889
3918423,-0.00617432279083396,-0.0228644235374939,0.0228644235374939,Admiral Schofield,316,39,0.123417721518987
2982268,-0.00607699890313833,-0.0227670996497983,0.0227670996497983,Jake Layman,294,37,0.125850340136054
2991155,-0.00605971363262758,-0.0227498143792876,0.0227498143792876,Danuel House Jr.,875,106,0.121142857142857
3438,-0.00595116611435372,-0.0226412668610137,0.0226412668610137,George Hill,734,102,0.138964577656676
4278076,-0.00585896584558278,-0.0225490665922428,0.0225490665922428,Nick Richards,1616,285,0.176361386138614
6426,-0.00577024350960268,-0.0224603442562627,0.0224603442562627,Davis Bertans,1227,80,0.06519967400163
4868423,-0.00571004475200122,-0.0224001454986612,0.0224001454986612,Jaden Hardy,1883,243,0.129049389272438
4066211,-0.00555478120152819,-0.0222448819481882,0.0222448819481882,Robert Williams III,1357,214,0.157700810611643
4278402,-0.00551115009601151,-0.0222012508426715,0.0222012508426715,Jordan Goodwin,1627,197,0.121081745543946
5238230,-0.00543203323037995,-0.0221221339770399,0.0221221339770399,Tre Johnson,721,85,0.117891816920943
4432168,-0.00540755506516552,-0.0220976558118255,0.0220976558118255,Josh Christopher,1023,163,0.159335288367546
4683834,-0.00532173464405174,-0.0220118353907117,0.0220118353907117,KJ Simpson,476,76,0.159663865546218
4244,-0.00530327306997307,-0.0219933738166331,0.0219933738166331,Lance Stephenson,391,68,0.173913043478261
4278077,-0.0051669736512101,-0.0218570743978701,0.0218570743978701,Jarred Vanderbilt,1846,321,0.173889490790899
5037871,-0.00515021955049599,-0.021840320297156,0.021840320297156,Dylan Harper,761,91,0.11957950065703
2968439,-0.00496994943309704,-0.021660050179757,0.021660050179757,Aron Baynes,343,40,0.116618075801749
3102528,-0.00491075693517422,-0.0216008576818342,0.0216008576818342,Dante Exum,531,74,0.139359698681733
4067325,-0.00481337462271456,-0.0215034753693745,0.0215034753693745,Nathan Knight,316,48,0.151898734177215
4431720,-0.0047194225360523,-0.0214095232827123,0.0214095232827123,Lester Quinones,257,33,0.1284046692607
3913176,-0.00457944018884315,-0.0212695409355031,0.0212695409355031,Brandon Ingram,6376,831,0.130332496863237
4278073,-0.00450079564442917,-0.0211908963910892,0.0211908963910892,Shai Gilgeous-Alexander,8384,896,0.106870229007634
3059318,-0.00448892226513321,-0.0211790230117932,0.0211790230117932,Joel Embiid,6302,859,0.136305934623929
4997537,-0.00430937288501516,-0.0209994736316751,0.0209994736316751,Tristan Vukcevic,727,102,0.140302613480055
4066383,-0.0041653156670084,-0.0208554164136684,0.0208554164136684,Miles Bridges,5748,604,0.105080027835769
4277952,-0.00410610299910215,-0.0207962037457621,0.0207962037457621,Bruno Fernando,552,110,0.199275362318841
4702382,-0.00408319185657204,-0.020773292603232,0.020773292603232,Tristan da Silva,1219,116,0.0951599671862182
5170947,-0.00375449187828326,-0.0204445926249432,0.0204445926249432,AJ Johnson,442,55,0.124434389140272
3209,-0.00355876032624853,-0.0202488610729085,0.0202488610729085,Jeff Green,2142,211,0.0985060690943044
4032,-0.00331721894013331,-0.0200073196867933,0.0200073196867933,Wesley Matthews,792,68,0.0858585858585859
5144126,-0.00320502222564806,-0.019895122972308,0.019895122972308,Will Riley,701,86,0.122681883024251
4997536,-0.0031224165028552,-0.0198125172495152,0.0198125172495152,Gui Santos,830,137,0.165060240963855
3150844,-0.00310246092768863,-0.0197925616743486,0.0197925616743486,Moritz Wagner,2291,294,0.12832824094282
2799,-0.00303396913148623,-0.0197240698781462,0.0197240698781462,Lou Williams,1114,147,0.131956912028725
3155942,-0.00295917749862285,-0.0196492782452828,0.0196492782452828,Domantas Sabonis,5894,1087,0.184424838819138
4593041,-0.00288266549040375,-0.0195727662370637,0.0195727662370637,David Roddy,1102,126,0.114337568058076
4280245,-0.00282828846395121,-0.0195183892106112,0.0195183892106112,Jamaree Bouyea,337,47,0.13946587537092
6585,-0.00269400733981274,-0.0193841080864727,0.0193841080864727,Andre Drummond,2786,476,0.170854271356784
4278541,-0.00242590988726938,-0.0191160106339294,0.0191160106339294,Jaylen Nowell,1654,132,0.0798065296251512
4066668,-0.00242134291873631,-0.0191114436653963,0.0191114436653963,Malachi Flynn,1249,145,0.11609287429944
5175647,-0.00239408693823251,-0.0190841876848925,0.0190841876848925,Hugo Gonzalez,280,34,0.121428571428571
3056247,-0.0020125294534208,-0.0187026302000808,0.0187026302000808,Kendrick Nunn,1244,136,0.109324758842444
2578240,-0.00176052515353087,-0.0184506259001909,0.0184506259001909,Khem Birch,689,77,0.111756168359942
4066405,-0.0014928816967408,-0.0181829824434008,0.0181829824434008,Lamar Stevens,1153,118,0.102341717259324
4432813,-0.00144367814834778,-0.0181337788950078,0.0181337788950078,Jeremiah Robinson-Earl,1235,127,0.102834008097166
4781746,-0.00142310876284546,-0.0181132095095054,0.0181132095095054,Javon Small,343,55,0.160349854227405
4683688,-0.00141762315519759,-0.0181077239018576,0.0181077239018576,Dereck Lively II,594,94,0.158249158249158
5061568,-0.00137049336489999,-0.01806059411156,0.01806059411156,Carter Bryant,295,30,0.101694915254237
4238,-0.00133025263753735,-0.0180203533841973,0.0180203533841973,Eric Bledsoe,1404,220,0.156695156695157
4230557,-0.00131651942896114,-0.0180066201756211,0.0180066201756211,Vlatko Cancar,433,67,0.15473441108545
4277843,-0.00125441048791794,-0.0179445112345779,0.0179445112345779,Gary Trent Jr.,5072,280,0.055205047318612
4397040,-0.001219146839381,-0.017909247586041,0.017909247586041,Brandon Williams,1365,226,0.165567765567766
4395723,-0.00119020976584761,-0.0178803105125076,0.0178803105125076,Keldon Johnson,5732,514,0.089672016748081
3936299,-0.00110222084701745,-0.0177923215936774,0.0177923215936774,Jamal Murray,5945,654,0.110008410428932
2451037,-0.0010267662839699,-0.0177168670306299,0.0177168670306299,Daniel Theis,1389,166,0.119510439164867
2384,-0.000933987908406368,-0.0176240886550663,0.0176240886550663,Dwight Howard,674,152,0.225519287833828
2528693,-0.000627421681562586,-0.0173175224282226,0.0173175224282226,Torrey Craig,1692,188,0.111111111111111
3428,-0.000477354949607415,-0.0171674556962674,0.0171674556962674,Danilo Gallinari,1352,93,0.0687869822485207
3135047,-0.000344879311948288,-0.0170349800586083,0.0170349800586083,Justise Winslow,782,122,0.156010230179028
2488958,-0.000121651202501919,-0.0168117519491619,0.0168117519491619,Solomon Hill,355,39,0.109859154929577
4431823,8.08739678639404e-05,-0.016609226778796,0.016609226778796,Miles McBride,1847,119,0.0644288034650785
3062679,0.000129206129759089,-0.0165608946169009,0.0165608946169009,Josh Hart,4124,648,0.157129000969932
4869780,0.000132336578978152,-0.0165577641676818,0.0165577641676818,Derik Queen,918,180,0.196078431372549
4432810,0.000292913083033364,-0.0163971876636266,0.0163971876636266,Isaiah Stewart,2826,386,0.136588818117481
4066450,0.000300115515449876,-0.0163899852312101,0.0163899852312101,Armoni Brooks,573,46,0.0802792321116928
3133596,0.000418900780181152,-0.0162711999664788,0.0162711999664788,Kelan Martin,337,28,0.0830860534124629
5157066,0.000420460771417616,-0.0162696399752424,0.0162696399752424,Johnny Furphy,282,41,0.145390070921986
3906665,0.000421386301345658,-0.0162687144453143,0.0162687144453143,Brandon Clarke,1892,153,0.0808668076109937
4080610,0.000523187295098374,-0.0161669134515616,0.0161669134515616,Hamidou Diallo,1565,193,0.12332268370607
5107173,0.000533691781514017,-0.016156408965146,0.016156408965146,Danny Wolf,511,71,0.13894324853229
3449,0.000635520722536108,-0.0160545800241239,0.0160545800241239,Kevin Love,2382,282,0.118387909319899
4431684,0.000645168464745559,-0.0160449322819144,0.0160449322819144,Trayce Jackson-Davis,871,118,0.135476463834673
5211176,0.000743786440966585,-0.0159463143056934,0.0159463143056934,Tidjane Salaun,581,77,0.132530120481928
4433225,0.000767902563816814,-0.0159221981828432,0.0159221981828432,Tyler Kolek,413,74,0.179176755447942
4432827,0.000932051468733257,-0.0157580492779267,0.0157580492779267,Oscar Tshiebwe,262,27,0.103053435114504
4592492,0.000940551627620259,-0.0157495491190397,0.0157495491190397,Bones Hyland,2262,289,0.127763041556145
4398390,0.000959786165676718,-0.0157303145809833,0.0157303145809833,Jalen Pickett,510,63,0.123529411764706
3914044,0.00102418410103929,-0.0156659166456207,0.0156659166456207,Landry Shamet,2299,197,0.0856894301870378
4395712,0.00113659719465301,-0.015553503552007,0.015553503552007,Andrew Nembhard,2889,451,0.156109380408446
3923250,0.00115278679614177,-0.0155373139505182,0.0155373139505182,PJ Dozier,544,63,0.115808823529412
4897943,0.00123819238365875,-0.0154519083630012,0.0154519083630012,Dalton Knecht,813,59,0.0725707257072571
4431893,0.00128188179304943,-0.0154082189536106,0.0154082189536106,Jamison Battle,537,44,0.0819366852886406
4397183,0.00161961600229618,-0.0150704847443638,0.0150704847443638,Aaron Wiggins,2637,293,0.111111111111111
2581177,0.00167741452554736,-0.0150126862211126,0.0150126862211126,Rodney Hood,462,45,0.0974025974025974
3899664,0.00168684491146751,-0.0150032558351925,0.0150032558351925,Simone Fontecchio,1885,189,0.10026525198939
4895758,0.00173875530471628,-0.0149513454419437,0.0149513454419437,Cody Williams,877,111,0.126567844925884
4230547,0.00180222119732952,-0.0148878795493305,0.0148878795493305,Frank Ntilikina,498,65,0.130522088353414
3074752,0.00195709703921811,-0.0147330037074419,0.0147330037074419,Terry Rozier,5582,522,0.0935148692225009
4397233,0.00212707966098675,-0.0145630210856732,0.0145630210856732,Pete Nance,262,30,0.114503816793893
4712863,0.00214117097254146,-0.0145489297741185,0.0145489297741185,Mouhamed Gueye,530,46,0.0867924528301887
4397205,0.00215700710895764,-0.0145330936377023,0.0145330936377023,Ignas Brazdeikis,297,26,0.0875420875420875
2991235,0.00231964262035837,-0.0143704581263016,0.0143704581263016,Steven Adams,1614,354,0.219330855018587
3064560,0.00233522810259268,-0.0143548726440673,0.0143548726440673,Luke Kornet,1170,107,0.0914529914529914
6447,0.00234536311841058,-0.0143447376282494,0.0143447376282494,Enes Freedom,744,86,0.115591397849462
2579294,0.0025451121572021,-0.0141449885894579,0.0141449885894579,Frank Kaminsky,418,32,0.076555023923445
3934673,0.00260947243724329,-0.0140806283094167,0.0140806283094167,Donte DiVincenzo,4483,583,0.130046843631497
6579,0.0026846645496674,-0.0140054361969926,0.0140054361969926,Will Barton,2126,258,0.121354656632173
4423309,0.00269921927221116,-0.0139908814744488,0.0139908814744488,Luka Samanic,371,51,0.137466307277628
3135046,0.00275572183892629,-0.0139343789077337,0.0139343789077337,Tyus Jones,3565,341,0.0956521739130435
2999549,0.00276816565359306,-0.0139219350930669,0.0139219350930669,Denzel Valentine,530,48,0.0905660377358491
2583632,0.00288469820213084,-0.0138054025445291,0.0138054025445291,Royce O'Neale,3647,489,0.134082807787222
4432819,0.00298672392048232,-0.0137033768261777,0.0137033768261777,Tre Mann,2125,263,0.123764705882353
4702384,0.00298843767103511,-0.0137016630756249,0.0137016630756249,Nique Clifford,707,111,0.157001414427157
4845367,0.00304701660947382,-0.0136430841371862,0.0136430841371862,Stephon Castle,2198,373,0.169699727024568
3934723,0.00306724470890257,-0.0136228560377574,0.0136228560377574,Thomas Bryant,1481,139,0.0938555030384875
4065673,0.00351797903646141,-0.0131721217101986,0.0131721217101986,Tony Bradley,585,91,0.155555555555556
4015,0.00359857354077872,-0.0130915272058813,0.0130915272058813,Jeff Teague,345,62,0.179710144927536
4683024,0.00376863043656133,-0.0129214703100987,0.0129214703100987,Killian Hayes,2364,426,0.180203045685279
4593016,0.00384092487853744,-0.0128491758681225,0.0128491758681225,Quinten Post,795,82,0.10314465408805
6603,0.00395793588317184,-0.0127321648634881,0.0127321648634881,Jeremy Lamb,673,50,0.074294205052006
5044385,0.0040330369056703,-0.0126570638409897,0.0126570638409897,Leonard Miller,332,35,0.105421686746988
3133601,0.00405578523531469,-0.0126343155113453,0.0126343155113453,Devonte' Graham,2267,252,0.111160123511248
3908809,0.00418072679005989,-0.0125093739566001,0.0125093739566001,Donovan Mitchell,8658,989,0.114229614229614
4433188,0.00419995693968535,-0.0124901438069746,0.0124901438069746,Devin Carter,485,68,0.14020618556701
4594327,0.0042117070316554,-0.0124783937150046,0.0124783937150046,Keegan Murray,3067,190,0.0619497880665145
5174563,0.00422179553168804,-0.0124683052149719,0.0124683052149719,Kyshawn George,1335,212,0.158801498127341
4066648,0.00425542441686384,-0.0124346763297961,0.0124346763297961,Rui Hachimura,3729,267,0.0716009654062751
3456,0.00426146784365419,-0.0124286329030058,0.0124286329030058,Derrick Rose,1358,163,0.120029455081001
4397475,0.00429169629532173,-0.0123984044513383,0.0123984044513383,AJ Green,1499,132,0.0880587058038693
4593049,0.00443411225142544,-0.0122559884952345,0.0122559884952345,Orlando Robinson,506,79,0.156126482213439
4711272,0.00462084983478486,-0.0120692509118751,0.0120692509118751,Reed Sheppard,1343,158,0.117647058823529
3137259,0.00467951128548057,-0.0120105894611794,0.0120105894611794,Gabe Vincent,2287,289,0.126366418889375
4291678,0.00469171997601947,-0.0119983807706405,0.0119983807706405,Haywood Highsmith,1121,121,0.107939339875112
4278067,0.00473836765647555,-0.0119517330901844,0.0119517330901844,Nic Claxton,3114,395,0.12684649967887
4431767,0.00476058008605515,-0.0119295206606048,0.0119295206606048,Christian Braun,2176,196,0.0900735294117647
2426,0.00500068246102305,-0.0116894182856369,0.0116894182856369,Trevor Ariza,370,30,0.0810810810810811
3024,0.00500403129956993,-0.01168606944709,0.01168606944709,JJ Redick,302,35,0.115894039735099
5093267,0.00511774549409555,-0.0115723552525644,0.0115723552525644,Collin Murray-Boyles,397,55,0.138539042821159
6581,0.0051431179769553,-0.0115469827697047,0.0115469827697047,Jae Crowder,1560,138,0.0884615384615385
6578,0.00520796670267718,-0.0114821340439828,0.0114821340439828,Harrison Barnes,4704,437,0.0928996598639456
6591,0.00527976757987529,-0.0114103331667847,0.0114103331667847,Maurice Harkless,395,49,0.124050632911392
4576087,0.00534347854441112,-0.0113466222022489,0.0113466222022489,Peyton Watson,1710,205,0.119883040935673
4431699,0.005359655020292,-0.011330445726368,0.011330445726368,Kai Jones,290,47,0.162068965517241
3059307,0.00542728145837628,-0.0112628192882837,0.0112628192882837,Ish Wainright,390,35,0.0897435897435897
3155526,0.00547099209984645,-0.0112191086468135,0.0112191086468135,Dillon Brooks,5644,491,0.0869950389794472
4257,0.00563819121264711,-0.0110519095340129,0.0110519095340129,Derrick Favors,454,38,0.0837004405286344
4240,0.00567548686343312,-0.0110146138832269,0.0110146138832269,Avery Bradley,584,63,0.107876712328767
4431785,0.00573007830802133,-0.0109600224386387,0.0109600224386387,Scotty Pippen Jr.,1124,218,0.193950177935943
4397821,0.00580837857580818,-0.0108817221708518,0.0108817221708518,Nate Williams,271,33,0.121771217712177
4683686,0.00603439129587211,-0.0106557094507879,0.0106557094507879,Nick Smith Jr.,1153,134,0.116218560277537
3213,0.00605633069622454,-0.0106337700504354,0.0106337700504354,Al Horford,2862,255,0.0890985324947589
5144091,0.00611480653719783,-0.0105752942094622,0.0105752942094622,Jeremiah Fears,1165,173,0.148497854077253
4395652,0.00628878856802672,-0.0104013121786333,0.0104013121786333,Nassir Little,1009,99,0.0981169474727453
4397179,0.00637849310581102,-0.010311607640849,0.010311607640849,Tyrese Martin,877,112,0.127708095781072
1975,0.00639152914575188,-0.0102985716009081,0.0102985716009081,Carmelo Anthony,1609,109,0.0677439403356122
3057198,0.00653275934719101,-0.010157341399469,0.010157341399469,Brandon Goodwin,448,71,0.158482142857143
2960236,0.00658189254489824,-0.0101082082017617,0.0101082082017617,Maxi Kleber,1275,162,0.127058823529412
4065651,0.00665951188237521,-0.0100305888642848,0.0100305888642848,Frank Jackson,842,63,0.0748218527315915
4433627,0.00669491127321049,-0.00999518947344949,0.00999518947344949,Keyonte George,3127,509,0.162775823472977
4397235,0.00675093035329578,-0.0099391703933642,0.0099391703933642,Duane Washington Jr.,773,90,0.116429495472186
2579321,0.00677904201628404,-0.00991105873037594,0.00991105873037594,James Ennis III,305,38,0.124590163934426
3059262,0.00702925240907776,-0.00966084833758222,0.00966084833758222,Davon Reed,275,30,0.109090909090909
4592427,0.00706476428975561,-0.00962533645690437,0.00962533645690437,Spencer Jones,331,34,0.102719033232628
4432241,0.00710672003520202,-0.00958338071145796,0.00958338071145796,Jamal Shead,1229,221,0.179820992676973
3057187,0.00712099875933937,-0.00956910198732061,0.00956910198732061,Sterling Brown,554,61,0.110108303249097
4397014,0.00720649256682838,-0.0094836081798316,0.0094836081798316,Quentin Grimes,3108,366,0.117760617760618
5105839,0.00728008475251684,-0.00941001599414314,0.00941001599414314,Brice Sensabaugh,1935,260,0.134366925064599
2994526,0.00737363803574476,-0.00931646271091522,0.00931646271091522,Bryn Forbes,1239,89,0.0718321226795803
4278031,0.00754956081804273,-0.00914053992861725,0.00914053992861725,Oshae Brissett,1280,117,0.09140625
3908336,0.00767939366683852,-0.00901070707982146,0.00901070707982146,Matt Ryan,280,23,0.0821428571428571
4397008,0.00771932338698313,-0.00897077735967685,0.00897077735967685,Romeo Langford,561,52,0.0926916221033868
4395627,0.00773992485270952,-0.00895017589395046,0.00895017589395046,Cam Reddish,1492,173,0.115951742627346
4897262,0.00776828800947374,-0.00892181273718624,0.00892181273718624,Will Richard,394,49,0.124365482233503
4409222,0.00790391187384884,-0.00878618887281115,0.00878618887281115,Trevelin Queen,291,43,0.147766323024055
3136485,0.00799232547681911,-0.00869777526984087,0.00869777526984087,Edmond Sumner,646,94,0.145510835913313
6606,0.00804544477129039,-0.00864465597536959,0.00864465597536959,Damian Lillard,6236,822,0.13181526619628
4432582,0.00811621787359953,-0.00857388287306045,0.00857388287306045,Max Christie,1887,224,0.118706942236354
2534781,0.00814007216571536,-0.00855002858094462,0.00855002858094462,Gorgui Dieng,458,68,0.148471615720524
4066399,0.00842339506298591,-0.00826670568367407,0.00826670568367407,Micah Potter,571,77,0.134851138353765
6474,0.00848189983548856,-0.00820820091117142,0.00820820091117142,Tristan Thompson,924,141,0.152597402597403
4066297,0.00853046435227963,-0.00815963639438035,0.00815963639438035,Josh Jackson,1187,180,0.151642796967144
4684742,0.00858222080485048,-0.0081078799418095,0.0081078799418095,Ausar Thompson,1777,262,0.147439504783343
3133838,0.00870843179347441,-0.00798166895318557,0.00798166895318557,Yuta Watanabe,739,73,0.0987821380243572
2528353,0.00875452257154647,-0.00793557817511351,0.00793557817511351,Tony Snell,379,37,0.0976253298153034
5107897,0.00883345785001822,-0.00785664289664177,0.00785664289664177,Jonathan Mogbo,480,80,0.166666666666667
4433623,0.0089056749242962,-0.00778442582236378,0.00778442582236378,Caleb Houstan,649,45,0.0693374422187982
4578893,0.00892514224339347,-0.00776495850326651,0.00776495850326651,Vit Krejci,1158,133,0.114853195164076
4066636,0.00896704763386293,-0.00772305311279705,0.00772305311279705,Markelle Fultz,1604,255,0.158977556109726
2991139,0.00913257508091434,-0.00755752566574564,0.00755752566574564,Kris Dunn,1861,318,0.170875873186459
4397886,0.0091490170737632,-0.00754108367289678,0.00754108367289678,Charles Bassey,462,84,0.181818181818182
4709138,0.00916124872370582,-0.00752885202295416,0.00752885202295416,Brandin Podziemski,2356,269,0.114176570458404
2528210,0.0091946306100983,-0.00749547013656168,0.00749547013656168,Tim Hardaway Jr.,4986,305,0.0611712795828319
4431714,0.00926202100826676,-0.00742807973839322,0.00742807973839322,Jalen Wilson,1198,128,0.106844741235392
4396971,0.00932036139061438,-0.0073697393560456,0.0073697393560456,Naz Reid,4806,536,0.111527257594673
4432822,0.00940057320035839,-0.00728952754630159,0.00728952754630159,Isaac Okoro,2830,295,0.104240282685512
4431680,0.00941847895930274,-0.00727162178735724,0.00727162178735724,Onyeka Okongwu,3156,385,0.121989860583016
2578213,0.00942931247151394,-0.00726078827514604,0.00726078827514604,Ben McLemore,993,89,0.0896273917421954
4592435,0.00945632434165621,-0.00723377640500377,0.00723377640500377,Branden Carlson,301,23,0.0764119601328904
4066269,0.00955124041642157,-0.00713886033023841,0.00713886033023841,Skylar Mays,435,46,0.105747126436782
2386,0.00955575788406284,-0.00713434286259714,0.00713434286259714,Andre Iguodala,481,96,0.1995841995842
4397018,0.00959810648075813,-0.00709199426590185,0.00709199426590185,Ochai Agbaji,1795,172,0.0958217270194986
4683749,0.00963048085231296,-0.00705961989434702,0.00705961989434702,TyTy Washington Jr.,260,22,0.0846153846153846
4395702,0.00964739278142705,-0.00704270796523293,0.00704270796523293,Isaiah Joe,2624,194,0.0739329268292683
4597865,0.00982288709438146,-0.00686721365227853,0.00686721365227853,Tosan Evbuomwan,337,45,0.13353115727003
4278580,0.0100746471733644,-0.00661545357329556,0.00661545357329556,Sandro Mamukelashvili,1555,145,0.0932475884244373
3059311,0.0100947210389003,-0.00659537970775965,0.00659537970775965,Matt Thomas,277,16,0.0577617328519856
4592686,0.0101390545329848,-0.00655104621367516,0.00655104621367516,Antonio Reeves,299,31,0.103678929765886
2488826,0.0102438852205543,-0.00644621552610566,0.00644621552610566,Rodney McGruder,488,40,0.0819672131147541
5105565,0.010271353176639,-0.00641874757002097,0.00641874757002097,Donovan Clingan,1170,159,0.135897435897436
4432185,0.0103315010271535,-0.00635859971950646,0.00635859971950646,Micah Peavy,285,19,0.0666666666666667
4397166,0.0103717588936115,-0.00631834185304852,0.00631834185304852,CJ Elleby,435,61,0.140229885057471
5105623,0.0105302307059859,-0.00615987004067404,0.00615987004067404,Kel'el Ware,1229,116,0.0943856794141579
4395626,0.010585061012229,-0.00610503973443102,0.00610503973443102,Tre Jones,2978,392,0.1316319677636
4684275,0.0106687573902846,-0.0060213433563754,0.0060213433563754,Rob Dillingham,769,148,0.192457737321196
3439,0.0106728558030072,-0.00601724494365282,0.00601724494365282,Serge Ibaka,805,91,0.11304347826087
3064559,0.0107717877961343,-0.00591831295052571,0.00591831295052571,Damian Jones,640,116,0.18125
4066392,0.0107993855641801,-0.00589071518247992,0.00589071518247992,Isaiah Roby,1071,171,0.159663865546218
4397424,0.0108468886161279,-0.00584321213053205,0.00584321213053205,Neemias Queta,982,129,0.131364562118126
4395698,0.0109204509002543,-0.00576964984640564,0.00576964984640564,Kira Lewis Jr.,741,78,0.105263157894737
3133602,0.0109324982353418,-0.00575760251131821,0.00575760251131821,Svi Mykhailiuk,1950,236,0.121025641025641
3062744,0.0109764594772427,-0.00571364126941724,0.00571364126941724,David Nwaba,430,37,0.086046511627907
4873138,0.0111408769895769,-0.00554922375708304,0.00554922375708304,Ace Bailey,987,95,0.0962512664640324
3133817,0.0113883099978829,-0.00530179074877711,0.00530179074877711,Eric Paschall,596,67,0.11241610738255
5041939,0.0114023195985061,-0.00528778114815384,0.00528778114815384,Cooper Flagg,1346,152,0.112927191679049
2581018,0.0114678991638788,-0.00522220158278118,0.00522220158278118,Kentavious Caldwell-Pope,3895,432,0.110911424903723
4065804,0.0114955520167467,-0.00519454872991332,0.00519454872991332,Sam Hauser,2192,118,0.0538321167883212
4606840,0.0116633269087145,-0.00502677383794553,0.00502677383794553,Jamir Watkins,331,39,0.117824773413897
3059319,0.0116825184501674,-0.00500758229649259,0.00500758229649259,Andrew Wiggins,5578,541,0.0969881678020796
4279318,0.0117666442968048,-0.00492345644985517,0.00492345644985517,Daeqwon Plowden,332,28,0.0843373493975904
3033,0.0118028333921032,-0.00488726735455674,0.00488726735455674,P.J. Tucker,1033,148,0.143272023233301
4277928,0.0118673949651703,-0.00482270578148972,0.00482270578148972,Jarrett Culver,396,50,0.126262626262626
5106268,0.0118736125743726,-0.00481648817228734,0.00481648817228734,Nae'Qwan Tomlin,371,30,0.0808625336927224
2566769,0.0119842782710587,-0.00470582247560132,0.00470582247560132,Malcolm Brogdon,3365,375,0.111441307578009
4701234,0.0119933308879006,-0.00469676985875942,0.00469676985875942,Ricky Council IV,626,51,0.0814696485623003
4431778,0.0121647366701361,-0.00452536407652389,0.00452536407652389,Christian Koloko,337,47,0.13946587537092
3907823,0.0122354111472092,-0.0044546895994508,0.0044546895994508,Terance Mann,3180,355,0.111635220125786
4433136,0.0122625954402172,-0.0044275053064428,0.0044275053064428,Walker Kessler,1433,217,0.151430565247732
4590530,0.0126206073434134,-0.00406949340324661,0.00406949340324661,R.J. Hampton,1185,171,0.144303797468354
3064447,0.0127091186240434,-0.00398098212261654,0.00398098212261654,Delon Wright,1586,193,0.121689785624212
4423545,0.0130136331317375,-0.0036764676149225,0.0036764676149225,Darius Bazley,1764,228,0.129251700680272
3136779,0.0130160943451975,-0.00367400640146244,0.00367400640146244,Keita Bates-Diop,1049,102,0.0972354623450906
5106060,0.013176105749207,-0.00351399499745296,0.00351399499745296,Jarace Walker,1427,226,0.158374211632796
4683747,0.0132317791403137,-0.00345832160634626,0.00345832160634626,Jaylon Tyson,930,118,0.126881720430108
5105550,0.0132434481020719,-0.00344665264458808,0.00344665264458808,GG Jackson,1420,159,0.111971830985916
3913180,0.0132741176711714,-0.00341598307548859,0.00341598307548859,Garrison Mathews,1536,112,0.0729166666666667
4432817,0.0133059517393471,-0.00338414900731293,0.00338414900731293,Johnny Juzang,779,55,0.0706033376123235
4600663,0.0133485334998785,-0.0033415672467815,0.0033415672467815,Zach Edey,642,109,0.169781931464174
6462,0.013435839084247,-0.00325426166241296,0.00325426166241296,Marcus Morris Sr.,2358,188,0.0797285835453774
3981,0.0134967328966308,-0.00319336785002916,0.00319336785002916,Wayne Ellington,627,52,0.0829346092503987
4065733,0.0135065193647396,-0.00318358138192041,0.00318358138192041,Ty Jerome,1907,213,0.111693759832197
4898371,0.0135498125444034,-0.00314028820225653,0.00314028820225653,Maxime Raynaud,757,86,0.113606340819022
4566434,0.0135831184206257,-0.00310698232603429,0.00310698232603429,Franz Wagner,5384,574,0.106612184249629
4432585,0.0136084224952506,-0.00308167825140939,0.00308167825140939,AJ Griffin,638,44,0.0689655172413793
5112087,0.0136539805013557,-0.00303612024530432,0.00303612024530432,Jaylen Wells,1508,132,0.0875331564986738
4397077,0.0137032087915051,-0.00298689195515492,0.00298689195515492,Jaxson Hayes,1731,236,0.13633737723859
4432356,0.0137431067392393,-0.00294699400742067,0.00294699400742067,Johnny Davis,436,33,0.0756880733944954
4593125,0.0137469557385701,-0.00294314500808988,0.00294314500808988,Santi Aldama,2585,244,0.0943907156673114
4869342,0.0138080585391442,-0.00288204220751575,0.00288204220751575,Dyson Daniels,2586,383,0.148105181747873
2993874,0.0138206389207444,-0.00286946182591556,0.00286946182591556,Kyle Anderson,2946,388,0.131704005431093
4066320,0.0140402225155551,-0.00264987823110491,0.00264987823110491,Desmond Bane,6177,658,0.106524202687389
4277957,0.0142129901000486,-0.00247711064661138,0.00247711064661138,Isaiah Livers,623,65,0.104333868378812
4431687,0.0142906256659066,-0.00239947508075339,0.00239947508075339,Patrick Williams,3039,385,0.126686410003291
4433159,0.0143774725153228,-0.00231262823133718,0.00231262823133718,Dalen Terry,753,108,0.143426294820717
5104155,0.0143979333025786,-0.00229216744408142,0.00229216744408142,Bilal Coulibaly,1864,276,0.148068669527897
3195,0.014438207006121,-0.00225189374053896,0.00225189374053896,Mike Conley,3882,526,0.135497166409068
4066757,0.0145032349468239,-0.00218686579983609,0.00218686579983609,Sam Merrill,1508,102,0.0676392572944297
2991055,0.0145034172395049,-0.00218668350715509,0.00218668350715509,Montrezl Harrell,1539,172,0.111760883690708
2528794,0.0149096317432332,-0.00178046900342676,0.00178046900342676,Joe Harris,1425,115,0.0807017543859649
4277919,0.0149469071009817,-0.00174319364567831,0.00174319364567831,Mo Bamba,1649,192,0.116434202546998
4262,0.015030855694032,-0.00165924505262799,0.00165924505262799,Hassan Whiteside,635,85,0.133858267716535
4432247,0.0151573380904757,-0.00153276265618427,0.00153276265618427,Jaylen Clark,373,27,0.0723860589812333
4433249,0.0155246540369291,-0.00116544670973086,0.00116544670973086,Moussa Diabate,834,126,0.151079136690647
2326307,0.0155653686553011,-0.00112473209135884,0.00112473209135884,Seth Curry,2586,250,0.0966744006187162
3134932,0.0156039241635156,-0.00108617658314433,0.00108617658314433,John Konchar,1383,173,0.125090383224873
4397885,0.015704444410684,-0.00098565633597594,0.00098565633597594,Dalano Banton,1559,230,0.147530468248877
3005,0.0157733472695891,-0.000916753477070893,0.000916753477070893,Rudy Gay,1428,138,0.0966386554621849
2596108,0.0158855669790541,-0.000804533767605847,0.000804533767605847,Michael Carter-Williams,354,70,0.19774011299435
4396907,0.0159240191320833,-0.0007660816145767,0.0007660816145767,Darius Garland,6782,1031,0.152020053081687
3056602,0.0160140402348849,-0.00067606051177509,0.00067606051177509,Semi Ojeleye,347,27,0.0778097982708934
4592714,0.0162662048163591,-0.000423895930300931,0.000423895930300931,Pat Spencer,644,103,0.159937888198758
4351851,0.0164801987710867,-0.000209901975573301,0.000209901975573301,Anfernee Simons,5423,593,0.109349068781117
2595209,0.0165716269161465,-0.00011847383051351,0.00011847383051351,Damion Lee,1318,135,0.102427921092564
4277890,0.0167063351434577,1.62343967977548e-05,-1.62343967977548e-05,Lonnie Walker IV,2832,228,0.0805084745762712
3988,0.0168182439314737,0.000128143184813693,-0.000128143184813693,Danny Green,1031,115,0.111542192046557
3915195,0.0168974073093195,0.000207306562659552,-0.000207306562659552,Shake Milton,2306,295,0.127927146574154
4433246,0.0171480037984987,0.000457903051838692,-0.000457903051838692,Patrick Baldwin Jr.,363,38,0.104683195592286
4433076,0.0172318055848223,0.000541704838162276,-0.000541704838162276,Ben Sheppard,981,78,0.0795107033639144
4066317,0.0175600008418226,0.000869900095162614,-0.000869900095162614,Lindy Waters III,841,51,0.0606420927467301
3452,0.0177269447445444,0.00103684399788442,-0.00103684399788442,JaVale McGee,1207,217,0.179784589892295
4066268,0.01782610152524,0.00113600077858004,-0.00113600077858004,Duop Reath,807,70,0.0867410161090458
4592691,0.0181014228440672,0.00141132209740722,-0.00141132209740722,Jake LaRavia,1473,224,0.152070604209097
3133635,0.0182834463281635,0.00159334558150348,-0.00159334558150348,Jevon Carter,2046,196,0.0957966764418377
2596112,0.0183851994189296,0.00169509867226966,-0.00169509867226966,Javonte Green,1458,146,0.100137174211248
4067017,0.0183949595713147,0.0017048588246547,-0.0017048588246547,A.J. Lawson,467,35,0.0749464668094218
4066261,0.018463636254524,0.00177353550786398,-0.00177353550786398,Bam Adebayo,6796,892,0.131253678634491
4594268,0.0186721412480795,0.00198204050141948,-0.00198204050141948,Anthony Edwards,9606,1199,0.124817822194462
4432192,0.0187284558765251,0.00203835512986508,-0.00203835512986508,Keon Johnson,1439,194,0.134815844336345
3893019,0.0189615161006549,0.00227141535399494,-0.00227141535399494,Timothe Luwawu-Cabarrot,602,60,0.0996677740863787
6589,0.0189797475202012,0.00228964677354125,-0.00228964677354125,Draymond Green,3478,998,0.286946520989074
5124612,0.019002674948054,0.002312574201394,-0.002312574201394,VJ Edgecombe,1159,130,0.112165660051769
2528588,0.0190624215230401,0.00237232077638008,-0.00237232077638008,Doug McDermott,2366,186,0.0786136939983094
4683778,0.01912645928814,0.00243635854148007,-0.00243635854148007,Jared McCain,840,86,0.102380952380952
4683689,0.0191820698185917,0.00249196907193167,-0.00249196907193167,Jordan Walsh,413,48,0.116222760290557
2327577,0.0192693719643292,0.00257927121766923,-0.00257927121766923,JaMychal Green,1103,151,0.13689936536718
4683678,0.0194091989807267,0.00271909823406675,-0.00271909823406675,Scoot Henderson,2232,437,0.19578853046595
4592402,0.0195220684970787,0.00283196775041872,-0.00283196775041872,Chris Duarte,1336,146,0.109281437125749
3133626,0.019522549681995,0.00283244893533503,-0.00283244893533503,Kenrich Williams,2265,261,0.11523178807947
4277811,0.0195339794027633,0.00284387865610331,-0.00284387865610331,Collin Sexton,5051,696,0.137794496139378
4023,0.0195929480181426,0.00290284727148263,-0.00290284727148263,Garrett Temple,998,125,0.125250501002004
3912848,0.0197437504074354,0.00305364966077546,-0.00305364966077546,Dean Wade,1594,112,0.0702634880803011
3138160,0.019841133492095,0.00315103274543497,-0.00315103274543497,Caleb Martin,2561,306,0.119484576337368
4602025,0.0198574938570262,0.00316739311036617,-0.00316739311036617,Sion James,429,57,0.132867132867133
3102531,0.0200666440708377,0.00337654332417777,-0.00337654332417777,Kristaps Porzingis,4576,428,0.0935314685314685
4683766,0.0201172328860795,0.0034271321394195,-0.0034271321394195,Isaiah Collier,1412,341,0.241501416430595
3416,0.020192791720537,0.00350269097387706,-0.00350269097387706,Nicolas Batum,2136,236,0.110486891385768
4395628,0.0202132863925188,0.00352318564585879,-0.00352318564585879,Zion Williamson,4552,649,0.142574692442882
2594922,0.020361780311493,0.003671679564833,-0.003671679564833,Otto Porter Jr.,772,65,0.0841968911917098
3907821,0.0204260683844681,0.00373596763780817,-0.00373596763780817,Dwayne Bacon,763,39,0.0511140235910878
4017844,0.0205017520640714,0.00381165131741141,-0.00381165131741141,Guerschon Yabusele,992,117,0.117943548387097
4610139,0.0205130393364821,0.00382293858982211,-0.00382293858982211,Jeremy Sochan,2227,318,0.14279299506062
4065648,0.0206312038384265,0.00394110309176651,-0.00394110309176651,Jayson Tatum,8673,994,0.114608555286521
2990962,0.0206768075050651,0.00398670675840513,-0.00398670675840513,Taurean Prince,2703,320,0.118386977432482
4065731,0.0206801771619593,0.00399007641529936,-0.00399007641529936,Jay Huff,1068,109,0.102059925093633
3157465,0.0207388929577752,0.00404879221111524,-0.00404879221111524,Duncan Robinson,4072,367,0.0901277013752456
3064230,0.0210064229485431,0.00431632220188311,-0.00431632220188311,Cameron Payne,2865,355,0.1239092495637
4702177,0.0211609224994894,0.00447082175282945,-0.00447082175282945,Keon Ellis,1239,143,0.115415657788539
4432847,0.0212600682289177,0.00456996748225769,-0.00456996748225769,Terrence Shannon Jr.,322,37,0.114906832298137
5105806,0.0212942311315398,0.00460413038487986,-0.00460413038487986,Jett Howard,593,52,0.0876897133220911
4431712,0.0214604832775127,0.00477038253085271,-0.00477038253085271,James Bouknight,420,45,0.107142857142857
4432823,0.0215998251982314,0.00490972445157146,-0.00490972445157146,Jaylin Williams,1197,165,0.137844611528822
3133603,0.0216478975631056,0.00495779681644557,-0.00495779681644557,Kelly Oubre Jr.,5040,418,0.0829365079365079
4397693,0.0216773677585751,0.00498726701191515,-0.00498726701191515,Kessler Edwards,644,67,0.104037267080745
5061589,0.0218825179921076,0.00519241724544763,-0.00519241724544763,Yves Missi,910,129,0.141758241758242
6461,0.0219995715740484,0.00530947082738837,-0.00530947082738837,Markieff Morris,847,102,0.120425029515939
5105553,0.0221525170202705,0.00546241627361049,-0.00546241627361049,Julian Phillips,525,43,0.0819047619047619
4066786,0.0225633475579886,0.00587324681132865,-0.00587324681132865,Jeff Dowtin Jr.,378,29,0.0767195767195767
6588,0.0227841914549471,0.00609409070828711,-0.00609409070828711,Evan Fournier,2105,212,0.100712589073634
4432808,0.0232285648045342,0.00653846405787422,-0.00653846405787422,James Wiseman,1187,162,0.13647851727043
4004,0.0232465214804042,0.00655642073374418,-0.00655642073374418,Patty Mills,2037,194,0.0952380952380952
4432194,0.0233527279682914,0.00666262722163139,-0.00666262722163139,Day'Ron Sharpe,1593,306,0.192090395480226
2982334,0.0234243654089089,0.00673426466224895,-0.00673426466224895,T.J. Warren,382,20,0.0523560209424084
6580,0.0235281898478158,0.00683808910115578,-0.00683808910115578,Bradley Beal,5209,684,0.131311192167403
3058254,0.0236637095966848,0.00697360885002479,-0.00697360885002479,Christian Wood,2878,337,0.117095205003475
3138156,0.0237456252697123,0.00705552452305232,-0.00705552452305232,Justin Jackson,296,33,0.111486486486486
2490089,0.0238748854476813,0.00718478470102136,-0.00718478470102136,Mike Muscala,1038,76,0.0732177263969172
4432170,0.0242100811886794,0.00751998044201938,-0.00751998044201938,Isaiah Jackson,1210,187,0.154545454545455
4258,0.0247306757030623,0.00804057495640229,-0.00804057495640229,DeMarcus Cousins,766,137,0.178851174934726
3136196,0.0250396021644698,0.00834950141780978,-0.00834950141780978,Trey Lyles,1962,208,0.106014271151886
3146557,0.0253651725568457,0.00867507181018569,-0.00867507181018569,Jock Landale,1638,191,0.116605616605617
4395695,0.0253999041326211,0.00870980338596109,-0.00870980338596109,Jared Butler,996,163,0.163654618473896
4397688,0.0254255861893043,0.00873548544264429,-0.00873548544264429,Trey Murphy III,3891,324,0.0832690824980725
3995,0.0254285668273636,0.00873846608070365,-0.00873846608070365,Jrue Holiday,5574,818,0.146752780767851
3906786,0.0258308932203397,0.00914079247367974,-0.00914079247367974,Dylan Windler,312,50,0.16025641025641
3102529,0.0259082123826141,0.00921811163595409,-0.00921811163595409,Clint Capela,3362,301,0.0895300416418798
4870562,0.0261494395764887,0.00945933882982872,-0.00945933882982872,Dominick Barlow,791,79,0.0998735777496839
4432907,0.0263856748601209,0.00969557411346095,-0.00969557411346095,Justin Champagnie,1138,112,0.0984182776801406
3936298,0.0264400819633944,0.00974998121673438,-0.00974998121673438,Mychal Mulder,354,20,0.0564971751412429
3064514,0.0264475720036513,0.0097574712569913,-0.0097574712569913,Julius Randle,8137,1177,0.144647904633157
4433083,0.0266363344346414,0.00994623368798141,-0.00994623368798141,Cam Spencer,734,96,0.130790190735695
4595400,0.026654259341652,0.00996415859499204,-0.00996415859499204,Olivier-Maxence Prosper,689,63,0.0914368650217707
2581190,0.0267819033293476,0.0100918025826876,-0.0100918025826876,Josh Richardson,2329,245,0.105195362816659
4683027,0.0268431174870439,0.0101530167403839,-0.0101530167403839,Theo Maledon,1496,247,0.165106951871658
4066410,0.0273053111601662,0.0106152104135062,-0.0106152104135062,Eugene Omoruyi,449,49,0.10913140311804
3155535,0.0273738552319723,0.0106837544853123,-0.0106837544853123,Kevon Looney,1749,235,0.134362492853059
4687718,0.0277497434131474,0.0110596426664874,-0.0110596426664874,Josh Minott,469,55,0.11727078891258
3134908,0.0277742619446706,0.0110841611980106,-0.0110841611980106,Jakob Poeltl,3511,536,0.152663058957562
4684793,0.0278360167079855,0.0111459159613255,-0.0111459159613255,Kyle Filipowski,1395,220,0.157706093189964
4437244,0.0283725326986117,0.0116824319519517,-0.0116824319519517,Jalen Green,6326,759,0.119981030667088
3136777,0.0285271437121174,0.0118370429654574,-0.0118370429654574,Jae'Sean Tate,2384,322,0.13506711409396
4277848,0.029016530482251,0.012326429735591,-0.012326429735591,Marvin Bagley III,2469,245,0.0992304576751721
4683750,0.0291715465004511,0.0124814457537911,-0.0124814457537911,Jordan Hawkins,1384,126,0.0910404624277457
5105592,0.0292745064865854,0.0125844057399254,-0.0125844057399254,Cam Whitmore,1140,103,0.0903508771929825
4903027,0.0295757154842187,0.0128856147375587,-0.0128856147375587,Cedric Coward,747,98,0.131191432396252
4277813,0.0304121930847178,0.0137220923380578,-0.0137220923380578,Herbert Jones,2646,344,0.130007558578987
3913220,0.0312761896861758,0.0145860889395158,-0.0145860889395158,DaQuan Jeffries,498,49,0.0983935742971888
4278052,0.0316754939033818,0.0149853931567218,-0.0149853931567218,Chuma Okeke,1276,119,0.0932601880877743
4066328,0.0318512525064325,0.0151611517597725,-0.0151611517597725,Jarrett Allen,4151,541,0.130330040953987
4432158,0.0320442596483941,0.0153541589017341,-0.0153541589017341,Evan Mobley,4630,564,0.121814254859611
4432162,0.0322329214630771,0.0155428207164171,-0.0155428207164171,Brandon Boston,1086,101,0.0930018416206262
4433218,0.0336218467837902,0.0169317460371302,-0.0169317460371302,Jaden Ivey,3151,526,0.166931132973659
2999547,0.0337471439277102,0.0170570431810502,-0.0170570431810502,Gary Harris,1879,173,0.0920702501330495
4432171,0.0341410960118262,0.0174509952651662,-0.0174509952651662,Moses Moody,2134,190,0.0890346766635427
3133628,0.0350125483851811,0.0183224476385211,-0.0183224476385211,Myles Turner,4432,506,0.114169675090253
4278129,0.03517455591488,0.01848445516822,-0.01848445516822,Deandre Ayton,4597,520,0.113117250380683
6477,0.0357129001211061,0.0190227993744462,-0.0190227993744462,Jonas Valanciunas,4923,699,0.141986593540524
4280151,0.0363721468030165,0.0196820460563565,-0.0196820460563565,Corey Kispert,3092,277,0.0895860284605433
4397189,0.03659120723467,0.0199011064880101,-0.0199011064880101,Jalen Smith,2332,237,0.101629502572899
4431675,0.0366349931617962,0.0199448924151363,-0.0199448924151363,Trendon Watford,1800,294,0.163333333333333
4683692,0.0366991819960777,0.0200090812494177,-0.0200090812494177,Cason Wallace,1673,167,0.0998206814106396
4592479,0.0375252346802603,0.0208351339336003,-0.0208351339336003,Julian Champagnie,2088,200,0.0957854406130268
4433192,0.0376550867897522,0.0209649860430922,-0.0209649860430922,Tari Eason,2212,235,0.10623869801085
4277951,0.0379858733477484,0.0212957726010884,-0.0212957726010884,Luka Garza,894,94,0.105145413870246
2595516,0.0389265363210082,0.0222364355743482,-0.0222364355743482,Norman Powell,5385,545,0.101207056638812
4432174,0.0390358688705083,0.0223457681238483,-0.0223457681238483,Cam Thomas,3374,330,0.0978067575577949
4431690,0.0393659649747448,0.0226758642280848,-0.0226758642280848,Zeke Nnaji,1049,122,0.1163012392755
3914285,0.0394649283901971,0.0227748276435372,-0.0227748276435372,Drew Eubanks,1815,303,0.166942148760331
3908845,0.0394940012797577,0.0228039005330978,-0.0228039005330978,John Collins,4522,475,0.105042016806723
4594326,0.0405799737012191,0.0238898729545591,-0.0238898729545591,Kris Murray,1050,136,0.12952380952381
2528779,0.0409995924972834,0.0243094917506234,-0.0243094917506234,Reggie Bullock Jr.,1715,125,0.0728862973760933
4683021,0.0419481874347658,0.0252580866881058,-0.0252580866881058,Deni Avdija,4946,811,0.163970885564092
4066336,0.042616229520305,0.025926128773645,-0.025926128773645,Lauri Markkanen,5177,423,0.0817075526366622
3149673,0.042701854954602,0.026011754207942,-0.026011754207942,Pascal Siakam,7921,813,0.102638555737912
3431,0.0437469106922468,0.0270568099455868,-0.0270568099455868,Eric Gordon,2749,332,0.120771189523463
2488653,0.043960182526446,0.027270081779786,-0.027270081779786,Mason Plumlee,1960,410,0.209183673469388
6440,0.0439971209859768,0.0273070202393169,-0.0273070202393169,Tobias Harris,5706,515,0.0902558710129688
5106258,0.044280836818311,0.0275907360716511,-0.0275907360716511,Gradey Dick,1644,169,0.102798053527981
4277847,0.0446272818086171,0.0279371810619571,-0.0279371810619571,Wendell Carter Jr.,3793,506,0.133403638281044
4395630,0.0449782599861919,0.0282881592395319,-0.0282881592395319,Devin Vassell,4713,369,0.0782940802036919
2991070,0.0450311906016946,0.0283410898550346,-0.0283410898550346,Jerami Grant,5223,571,0.109324143212713
4395625,0.0451223606079476,0.0284322598612876,-0.0284322598612876,RJ Barrett,6892,798,0.115786419036564
3135045,0.0451937704575487,0.0285036697108887,-0.0285036697108887,Grayson Allen,3770,393,0.104244031830239
4066218,0.045352410649157,0.0286623099024971,-0.0286623099024971,Grant Williams,2408,343,0.142441860465116
4433287,0.0469048793400858,0.0302147785934258,-0.0302147785934258,Brandon Miller,2962,359,0.12120189061445
3917376,0.0496693289978571,0.0329792282511971,-0.0329792282511971,Jaylen Brown,8741,1037,0.118636311634824
4914336,0.0514441127771279,0.0347540120304679,-0.0347540120304679,Shaedon Sharpe,3464,435,0.125577367205543
4066650,0.0515067574454951,0.0348166566988351,-0.0348166566988351,Zach Collins,2003,349,0.174238642036945
2993370,0.0522520133604819,0.0355619126138219,-0.0355619126138219,Richaun Holmes,1432,183,0.127793296089385
4431828,0.0522937128094762,0.0356036120628162,-0.0356036120628162,KJ Martin,2163,229,0.105871474803514
4277961,0.0525266110335298,0.0358365102868698,-0.0358365102868698,Jaren Jackson Jr.,5689,628,0.110388468975215
4397020,0.0535553745150944,0.0368652737684344,-0.0368652737684344,Luguentz Dort,4412,415,0.0940616500453309
3907822,0.0557251102630535,0.0390350095163935,-0.0390350095163935,Malik Beasley,4498,318,0.0706980880391285
2284101,0.0565746802271278,0.0398845794804678,-0.0398845794804678,Justin Holiday,1830,153,0.0836065573770492
4565201,0.0589824321584488,0.0422923314117888,-0.0422923314117888,Malaki Branham,1691,203,0.120047309284447
3032976,0.0594859076996412,0.0427958069529812,-0.0427958069529812,Rudy Gobert,3866,622,0.160889808587688
2578185,0.0647893800071942,0.0480992792605342,-0.0480992792605342,Dorian Finney-Smith,3033,301,0.0992416749093307
4396991,0.0663594084854718,0.0496693077388118,-0.0496693077388118,Talen Horton-Tucker,2764,387,0.140014471780029
4397136,0.0708244151035533,0.0541343143568934,-0.0541343143568934,Saddiq Bey,4620,292,0.0632034632034632
3907387,0.0728514367450493,0.0561613359983893,-0.0561613359983893,Ben Simmons,1487,377,0.253530598520511
